usuario00001,Fulano de Jmeter 00001,936.760.285-54
usuario00002,Fulano de Jmeter 00002,601.526.157-92
usuario00021,Fulano de Jmeter 00021,412.295.665-03
usuario00022,Fulano de Jmeter 00022,073.954.631-70
usuario00041,Fulano de Jmeter 00041,489.015.013-76
usuario00042,Fulano de Jmeter 00042,185.381.589-61
usuario00061,Fulano de Jmeter 00061,504.250.411-74
usuario00062,Fulano de Jmeter 00062,764.606.415-79
usuario00081,Fulano de Jmeter 00081,923.874.492-07
usuario00082,Fulano de Jmeter 00082,150.441.219-24
usuario00101,Fulano de Jmeter 00101,557.286.703-93
usuario00102,Fulano de Jmeter 00102,533.129.751-07
usuario00121,Fulano de Jmeter 00121,685.512.918-82
usuario00122,Fulano de Jmeter 00122,016.810.664-75
usuario00141,Fulano de Jmeter 00141,850.329.615-23
usuario00142,Fulano de Jmeter 00142,895.250.054-70
usuario00161,Fulano de Jmeter 00161,741.655.194-30
usuario00162,Fulano de Jmeter 00162,617.806.863-82
usuario00181,Fulano de Jmeter 00181,550.581.093-44
usuario00182,Fulano de Jmeter 00182,200.462.665-85
usuario00201,Fulano de Jmeter 00201,804.987.051-02
usuario00202,Fulano de Jmeter 00202,474.648.342-67
usuario00221,Fulano de Jmeter 00221,368.592.181-93
usuario00222,Fulano de Jmeter 00222,627.144.599-35
usuario00241,Fulano de Jmeter 00241,827.561.680-84
usuario00242,Fulano de Jmeter 00242,334.544.707-06
usuario00261,Fulano de Jmeter 00261,614.816.470-16
usuario00262,Fulano de Jmeter 00262,508.107.035-13
usuario00281,Fulano de Jmeter 00281,393.340.194-17
usuario00282,Fulano de Jmeter 00282,673.574.381-47
usuario00301,Fulano de Jmeter 00301,012.687.317-81
usuario00302,Fulano de Jmeter 00302,553.219.335-53
usuario00321,Fulano de Jmeter 00321,212.370.843-77
usuario00322,Fulano de Jmeter 00322,160.334.818-28
usuario00341,Fulano de Jmeter 00341,811.462.640-20
usuario00342,Fulano de Jmeter 00342,330.749.025-74
usuario00361,Fulano de Jmeter 00361,516.238.676-65
usuario00362,Fulano de Jmeter 00362,195.292.111-20
usuario00381,Fulano de Jmeter 00381,636.436.968-50
usuario00382,Fulano de Jmeter 00382,702.644.336-45
usuario00401,Fulano de Jmeter 00401,233.496.912-50
usuario00402,Fulano de Jmeter 00402,505.455.495-58
usuario00421,Fulano de Jmeter 00421,239.602.827-88
usuario00422,Fulano de Jmeter 00422,187.796.124-82
usuario00441,Fulano de Jmeter 00441,361.173.280-01
usuario00442,Fulano de Jmeter 00442,647.480.218-96
usuario00461,Fulano de Jmeter 00461,286.524.811-99
usuario00462,Fulano de Jmeter 00462,487.647.590-32
usuario00481,Fulano de Jmeter 00481,514.594.769-05
usuario00482,Fulano de Jmeter 00482,321.539.018-39
usuario00501,Fulano de Jmeter 00501,848.259.358-77
usuario00502,Fulano de Jmeter 00502,133.163.029-05
usuario00521,Fulano de Jmeter 00521,254.774.602-61
usuario00522,Fulano de Jmeter 00522,448.383.190-96
usuario00541,Fulano de Jmeter 00541,321.736.595-02
usuario00542,Fulano de Jmeter 00542,463.741.545-41
usuario00561,Fulano de Jmeter 00561,555.131.735-81
usuario00562,Fulano de Jmeter 00562,223.257.446-63
usuario00581,Fulano de Jmeter 00581,992.622.879-84
usuario00582,Fulano de Jmeter 00582,768.715.166-62
usuario00601,Fulano de Jmeter 00601,234.194.278-40
usuario00602,Fulano de Jmeter 00602,910.788.831-73
usuario00621,Fulano de Jmeter 00621,682.488.291-70
usuario00622,Fulano de Jmeter 00622,231.469.804-52
usuario00641,Fulano de Jmeter 00641,604.507.467-04
usuario00642,Fulano de Jmeter 00642,869.251.827-16
usuario00661,Fulano de Jmeter 00661,979.384.908-81
usuario00662,Fulano de Jmeter 00662,378.698.482-47
usuario00681,Fulano de Jmeter 00681,693.488.226-16
usuario00682,Fulano de Jmeter 00682,307.292.454-62
usuario00701,Fulano de Jmeter 00701,017.558.216-54
usuario00702,Fulano de Jmeter 00702,841.210.052-28
usuario00721,Fulano de Jmeter 00721,375.703.026-56
usuario00722,Fulano de Jmeter 00722,521.045.927-63
usuario00741,Fulano de Jmeter 00741,262.262.764-52
usuario00742,Fulano de Jmeter 00742,136.937.504-24
usuario00761,Fulano de Jmeter 00761,053.485.079-03
usuario00762,Fulano de Jmeter 00762,969.804.671-23
usuario00781,Fulano de Jmeter 00781,590.467.375-27
usuario00782,Fulano de Jmeter 00782,861.953.249-90
usuario00801,Fulano de Jmeter 00801,962.221.629-32
usuario00802,Fulano de Jmeter 00802,793.764.802-36
usuario00821,Fulano de Jmeter 00821,832.638.684-70
usuario00822,Fulano de Jmeter 00822,540.826.883-74
usuario00841,Fulano de Jmeter 00841,259.305.503-01
usuario00842,Fulano de Jmeter 00842,169.094.613-04
usuario00861,Fulano de Jmeter 00861,359.799.725-28
usuario00862,Fulano de Jmeter 00862,990.033.372-17
usuario00881,Fulano de Jmeter 00881,501.401.695-20
usuario00882,Fulano de Jmeter 00882,266.356.823-68
usuario00901,Fulano de Jmeter 00901,203.486.747-59
usuario00902,Fulano de Jmeter 00902,262.061.174-13
usuario00921,Fulano de Jmeter 00921,688.126.392-91
usuario00922,Fulano de Jmeter 00922,915.239.321-63
usuario00941,Fulano de Jmeter 00941,411.867.503-08
usuario00942,Fulano de Jmeter 00942,658.201.716-08
usuario00961,Fulano de Jmeter 00961,633.809.548-45
usuario00962,Fulano de Jmeter 00962,183.840.313-20
usuario00981,Fulano de Jmeter 00981,962.665.871-14
usuario00982,Fulano de Jmeter 00982,972.756.245-08
usuario01001,Fulano de Jmeter 01001,448.552.719-00
usuario01002,Fulano de Jmeter 01002,550.147.105-14
usuario01021,Fulano de Jmeter 01021,555.497.271-37
usuario01022,Fulano de Jmeter 01022,153.932.698-54
usuario01041,Fulano de Jmeter 01041,937.011.208-11
usuario01042,Fulano de Jmeter 01042,611.796.671-74
usuario01061,Fulano de Jmeter 01061,767.756.391-04
usuario01062,Fulano de Jmeter 01062,558.868.086-39
usuario01081,Fulano de Jmeter 01081,856.391.189-97
usuario01082,Fulano de Jmeter 01082,837.262.160-81
usuario01101,Fulano de Jmeter 01101,211.014.200-65
usuario01102,Fulano de Jmeter 01102,129.924.343-61
usuario01121,Fulano de Jmeter 01121,872.806.791-61
usuario01122,Fulano de Jmeter 01122,397.029.400-28
usuario01141,Fulano de Jmeter 01141,914.075.049-32
usuario01142,Fulano de Jmeter 01142,913.763.624-30
usuario01161,Fulano de Jmeter 01161,791.073.846-37
usuario01162,Fulano de Jmeter 01162,362.127.543-65
usuario01181,Fulano de Jmeter 01181,124.771.814-08
usuario01182,Fulano de Jmeter 01182,779.516.352-19
usuario01201,Fulano de Jmeter 01201,752.807.409-85
usuario01202,Fulano de Jmeter 01202,754.123.836-88
usuario01221,Fulano de Jmeter 01221,891.597.702-52
usuario01222,Fulano de Jmeter 01222,274.255.007-01
usuario01241,Fulano de Jmeter 01241,131.029.609-01
usuario01242,Fulano de Jmeter 01242,045.917.486-00
usuario01261,Fulano de Jmeter 01261,665.016.109-82
usuario01262,Fulano de Jmeter 01262,178.000.191-60
usuario01281,Fulano de Jmeter 01281,469.273.857-03
usuario01282,Fulano de Jmeter 01282,572.885.777-91
usuario01301,Fulano de Jmeter 01301,786.510.269-00
usuario01302,Fulano de Jmeter 01302,144.061.530-63
usuario01321,Fulano de Jmeter 01321,549.078.949-29
usuario01322,Fulano de Jmeter 01322,660.516.628-04
usuario01341,Fulano de Jmeter 01341,624.808.607-95
usuario01342,Fulano de Jmeter 01342,879.262.283-62
usuario01361,Fulano de Jmeter 01361,891.874.478-19
usuario01362,Fulano de Jmeter 01362,248.211.872-72
usuario01381,Fulano de Jmeter 01381,652.983.270-01
usuario01382,Fulano de Jmeter 01382,369.368.525-80
usuario01401,Fulano de Jmeter 01401,042.539.905-25
usuario01402,Fulano de Jmeter 01402,285.980.605-93
usuario01421,Fulano de Jmeter 01421,060.725.794-69
usuario01422,Fulano de Jmeter 01422,025.218.969-85
usuario01441,Fulano de Jmeter 01441,766.572.287-32
usuario01442,Fulano de Jmeter 01442,117.261.347-84
usuario01461,Fulano de Jmeter 01461,194.265.357-30
usuario01462,Fulano de Jmeter 01462,384.811.670-70
usuario01481,Fulano de Jmeter 01481,161.474.449-13
usuario01482,Fulano de Jmeter 01482,304.206.112-40
usuario01501,Fulano de Jmeter 01501,261.121.443-36
usuario01502,Fulano de Jmeter 01502,663.458.580-64
usuario01521,Fulano de Jmeter 01521,089.877.571-02
usuario01522,Fulano de Jmeter 01522,255.224.426-20
usuario01541,Fulano de Jmeter 01541,184.141.071-33
usuario01542,Fulano de Jmeter 01542,377.671.523-59
usuario01561,Fulano de Jmeter 01561,416.289.053-60
usuario01562,Fulano de Jmeter 01562,220.295.748-05
usuario01581,Fulano de Jmeter 01581,231.748.685-56
usuario01582,Fulano de Jmeter 01582,163.342.217-87
usuario01601,Fulano de Jmeter 01601,402.778.385-92
usuario01602,Fulano de Jmeter 01602,722.355.835-04
usuario01621,Fulano de Jmeter 01621,455.374.624-78
usuario01622,Fulano de Jmeter 01622,501.163.500-75
usuario01641,Fulano de Jmeter 01641,619.891.196-97
usuario01642,Fulano de Jmeter 01642,668.934.476-20
usuario01661,Fulano de Jmeter 01661,309.648.833-92
usuario01662,Fulano de Jmeter 01662,037.151.505-05
usuario01681,Fulano de Jmeter 01681,388.547.376-31
usuario01682,Fulano de Jmeter 01682,309.601.232-61
usuario01701,Fulano de Jmeter 01701,784.545.412-50
usuario01702,Fulano de Jmeter 01702,561.426.490-61
usuario01721,Fulano de Jmeter 01721,069.234.644-98
usuario01722,Fulano de Jmeter 01722,884.576.496-63
usuario01741,Fulano de Jmeter 01741,596.298.567-27
usuario01742,Fulano de Jmeter 01742,538.575.141-32
usuario01761,Fulano de Jmeter 01761,494.429.156-65
usuario01762,Fulano de Jmeter 01762,419.803.593-85
usuario01781,Fulano de Jmeter 01781,801.732.074-48
usuario01782,Fulano de Jmeter 01782,355.376.166-02
usuario01801,Fulano de Jmeter 01801,538.672.424-02
usuario01802,Fulano de Jmeter 01802,953.676.633-70
usuario01821,Fulano de Jmeter 01821,902.827.199-62
usuario01822,Fulano de Jmeter 01822,667.557.191-53
usuario01841,Fulano de Jmeter 01841,813.892.529-90
usuario01842,Fulano de Jmeter 01842,630.943.104-86
usuario01861,Fulano de Jmeter 01861,409.141.086-38
usuario01862,Fulano de Jmeter 01862,990.678.406-70
usuario01881,Fulano de Jmeter 01881,860.058.659-35
usuario01882,Fulano de Jmeter 01882,208.154.367-26
usuario01901,Fulano de Jmeter 01901,364.924.632-50
usuario01902,Fulano de Jmeter 01902,044.266.543-19
usuario01921,Fulano de Jmeter 01921,943.554.286-72
usuario01922,Fulano de Jmeter 01922,704.208.373-37
usuario01941,Fulano de Jmeter 01941,708.861.376-08
usuario01942,Fulano de Jmeter 01942,700.812.921-12
usuario01961,Fulano de Jmeter 01961,893.477.860-12
usuario01962,Fulano de Jmeter 01962,889.540.427-08
usuario01981,Fulano de Jmeter 01981,935.286.977-09
usuario01982,Fulano de Jmeter 01982,408.697.745-14
usuario02001,Fulano de Jmeter 02001,321.767.086-87
usuario02002,Fulano de Jmeter 02002,614.756.560-50
usuario02021,Fulano de Jmeter 02021,820.740.593-70
usuario02022,Fulano de Jmeter 02022,178.587.696-18
usuario02041,Fulano de Jmeter 02041,302.082.014-67
usuario02042,Fulano de Jmeter 02042,043.022.878-37
usuario02061,Fulano de Jmeter 02061,370.357.395-30
usuario02062,Fulano de Jmeter 02062,136.453.728-14
usuario02081,Fulano de Jmeter 02081,723.100.218-81
usuario02082,Fulano de Jmeter 02082,432.849.930-02
usuario02101,Fulano de Jmeter 02101,516.592.759-89
usuario02102,Fulano de Jmeter 02102,092.007.032-91
usuario02121,Fulano de Jmeter 02121,526.634.571-32
usuario02122,Fulano de Jmeter 02122,446.321.730-02
usuario02141,Fulano de Jmeter 02141,444.989.717-01
usuario02142,Fulano de Jmeter 02142,243.475.166-06
usuario02161,Fulano de Jmeter 02161,037.570.862-60
usuario02162,Fulano de Jmeter 02162,583.455.015-08
usuario02181,Fulano de Jmeter 02181,168.528.437-00
usuario02182,Fulano de Jmeter 02182,810.581.016-68
usuario02201,Fulano de Jmeter 02201,788.490.930-80
usuario02202,Fulano de Jmeter 02202,389.329.021-43
usuario02221,Fulano de Jmeter 02221,686.610.643-50
usuario02222,Fulano de Jmeter 02222,983.534.925-80
usuario02241,Fulano de Jmeter 02241,129.796.565-50
usuario02242,Fulano de Jmeter 02242,746.884.569-72
usuario02261,Fulano de Jmeter 02261,185.962.868-02
usuario02262,Fulano de Jmeter 02262,075.037.695-30
usuario02281,Fulano de Jmeter 02281,176.738.749-03
usuario02282,Fulano de Jmeter 02282,537.002.981-45
usuario02301,Fulano de Jmeter 02301,707.395.548-16
usuario02302,Fulano de Jmeter 02302,534.281.508-80
usuario02321,Fulano de Jmeter 02321,159.974.995-53
usuario02322,Fulano de Jmeter 02322,123.540.263-07
usuario02341,Fulano de Jmeter 02341,546.527.179-54
usuario02342,Fulano de Jmeter 02342,247.026.303-42
usuario02361,Fulano de Jmeter 02361,032.954.422-58
usuario02362,Fulano de Jmeter 02362,446.418.185-68
usuario02381,Fulano de Jmeter 02381,878.038.723-36
usuario02382,Fulano de Jmeter 02382,566.072.468-00
usuario02401,Fulano de Jmeter 02401,744.007.389-49
usuario02402,Fulano de Jmeter 02402,999.496.220-50
usuario02421,Fulano de Jmeter 02421,008.779.179-06
usuario02422,Fulano de Jmeter 02422,743.225.017-02
usuario02441,Fulano de Jmeter 02441,680.550.474-05
usuario02442,Fulano de Jmeter 02442,646.631.537-12
usuario02461,Fulano de Jmeter 02461,555.908.596-03
usuario02462,Fulano de Jmeter 02462,010.512.739-60
usuario02481,Fulano de Jmeter 02481,922.867.392-34
usuario02482,Fulano de Jmeter 02482,154.019.263-67
usuario02501,Fulano de Jmeter 02501,987.716.926-65
usuario02502,Fulano de Jmeter 02502,248.393.044-16
usuario02521,Fulano de Jmeter 02521,406.855.997-01
usuario02522,Fulano de Jmeter 02522,187.725.955-15
usuario02541,Fulano de Jmeter 02541,598.028.403-60
usuario02542,Fulano de Jmeter 02542,320.486.759-56
usuario02561,Fulano de Jmeter 02561,330.999.140-70
usuario02562,Fulano de Jmeter 02562,336.275.883-55
usuario02581,Fulano de Jmeter 02581,663.936.563-44
usuario02582,Fulano de Jmeter 02582,882.745.087-42
usuario02601,Fulano de Jmeter 02601,832.579.788-63
usuario02602,Fulano de Jmeter 02602,372.683.990-90
usuario02621,Fulano de Jmeter 02621,346.729.184-83
usuario02622,Fulano de Jmeter 02622,945.044.104-94
usuario02641,Fulano de Jmeter 02641,091.273.343-84
usuario02642,Fulano de Jmeter 02642,058.681.018-80
usuario02661,Fulano de Jmeter 02661,570.414.308-39
usuario02662,Fulano de Jmeter 02662,275.979.634-59
usuario02681,Fulano de Jmeter 02681,003.455.189-18
usuario02682,Fulano de Jmeter 02682,127.207.861-28
usuario02701,Fulano de Jmeter 02701,180.141.826-85
usuario02702,Fulano de Jmeter 02702,384.279.676-59
usuario02721,Fulano de Jmeter 02721,525.421.049-48
usuario02722,Fulano de Jmeter 02722,923.341.086-26
usuario02741,Fulano de Jmeter 02741,951.811.274-60
usuario02742,Fulano de Jmeter 02742,133.311.673-04
usuario02761,Fulano de Jmeter 02761,300.454.640-06
usuario02762,Fulano de Jmeter 02762,222.194.333-31
usuario02781,Fulano de Jmeter 02781,945.890.649-01
usuario02782,Fulano de Jmeter 02782,527.419.973-90
usuario02801,Fulano de Jmeter 02801,631.760.215-85
usuario02802,Fulano de Jmeter 02802,594.563.959-10
usuario02821,Fulano de Jmeter 02821,509.679.078-96
usuario02822,Fulano de Jmeter 02822,389.219.671-09
usuario02841,Fulano de Jmeter 02841,261.331.842-21
usuario02842,Fulano de Jmeter 02842,072.829.579-24
usuario02861,Fulano de Jmeter 02861,388.287.140-77
usuario02862,Fulano de Jmeter 02862,908.986.474-10
usuario02881,Fulano de Jmeter 02881,003.568.156-09
usuario02882,Fulano de Jmeter 02882,906.584.972-60
usuario02901,Fulano de Jmeter 02901,270.898.056-46
usuario02902,Fulano de Jmeter 02902,532.076.157-08
usuario02921,Fulano de Jmeter 02921,941.792.359-51
usuario02922,Fulano de Jmeter 02922,351.924.340-76
usuario02941,Fulano de Jmeter 02941,046.449.906-20
usuario02942,Fulano de Jmeter 02942,368.248.030-73
usuario02961,Fulano de Jmeter 02961,052.032.602-49
usuario02962,Fulano de Jmeter 02962,122.530.565-96
usuario02981,Fulano de Jmeter 02981,637.174.306-61
usuario02982,Fulano de Jmeter 02982,100.922.788-25
usuario03001,Fulano de Jmeter 03001,287.043.698-07
usuario03002,Fulano de Jmeter 03002,626.824.050-29
usuario03021,Fulano de Jmeter 03021,633.606.503-01
usuario03022,Fulano de Jmeter 03022,367.903.146-79
usuario03041,Fulano de Jmeter 03041,277.052.350-30
usuario03042,Fulano de Jmeter 03042,758.721.965-04
usuario03061,Fulano de Jmeter 03061,703.699.962-40
usuario03062,Fulano de Jmeter 03062,366.283.305-08
usuario03081,Fulano de Jmeter 03081,572.618.255-30
usuario03082,Fulano de Jmeter 03082,854.647.234-39
usuario03101,Fulano de Jmeter 03101,574.266.863-53
usuario03102,Fulano de Jmeter 03102,960.068.767-60
usuario03121,Fulano de Jmeter 03121,615.786.971-23
usuario03122,Fulano de Jmeter 03122,616.571.955-46
usuario03141,Fulano de Jmeter 03141,714.406.914-44
usuario03142,Fulano de Jmeter 03142,968.301.841-69
usuario03161,Fulano de Jmeter 03161,996.594.770-82
usuario03162,Fulano de Jmeter 03162,333.881.374-04
usuario03181,Fulano de Jmeter 03181,397.476.100-43
usuario03182,Fulano de Jmeter 03182,695.055.022-73
usuario03201,Fulano de Jmeter 03201,418.222.440-05
usuario03202,Fulano de Jmeter 03202,910.308.413-22
usuario03221,Fulano de Jmeter 03221,674.498.381-41
usuario03222,Fulano de Jmeter 03222,459.990.480-52
usuario03241,Fulano de Jmeter 03241,733.479.836-88
usuario03242,Fulano de Jmeter 03242,266.244.544-07
usuario03261,Fulano de Jmeter 03261,527.549.657-50
usuario03262,Fulano de Jmeter 03262,277.775.328-80
usuario03281,Fulano de Jmeter 03281,035.815.558-40
usuario03282,Fulano de Jmeter 03282,011.117.107-59
usuario03301,Fulano de Jmeter 03301,289.437.404-68
usuario03302,Fulano de Jmeter 03302,198.734.963-60
usuario03321,Fulano de Jmeter 03321,424.175.682-41
usuario03322,Fulano de Jmeter 03322,608.659.808-88
usuario03341,Fulano de Jmeter 03341,214.674.112-05
usuario03342,Fulano de Jmeter 03342,829.639.527-40
usuario03361,Fulano de Jmeter 03361,969.426.594-01
usuario03362,Fulano de Jmeter 03362,732.690.928-81
usuario03381,Fulano de Jmeter 03381,054.627.103-05
usuario03382,Fulano de Jmeter 03382,855.888.180-40
usuario03401,Fulano de Jmeter 03401,290.616.678-28
usuario03402,Fulano de Jmeter 03402,335.176.251-83
usuario03421,Fulano de Jmeter 03421,645.041.872-99
usuario03422,Fulano de Jmeter 03422,956.733.392-08
usuario03441,Fulano de Jmeter 03441,659.785.839-51
usuario03442,Fulano de Jmeter 03442,536.168.795-23
usuario03461,Fulano de Jmeter 03461,516.766.054-87
usuario03462,Fulano de Jmeter 03462,385.676.213-21
usuario03481,Fulano de Jmeter 03481,581.300.897-77
usuario03482,Fulano de Jmeter 03482,388.865.206-54
usuario03501,Fulano de Jmeter 03501,071.261.923-20
usuario03502,Fulano de Jmeter 03502,057.411.260-06
usuario03521,Fulano de Jmeter 03521,387.396.899-13
usuario03522,Fulano de Jmeter 03522,278.294.986-10
usuario03541,Fulano de Jmeter 03541,033.992.227-34
usuario03542,Fulano de Jmeter 03542,222.899.341-78
usuario03561,Fulano de Jmeter 03561,128.304.226-60
usuario03562,Fulano de Jmeter 03562,355.458.850-48
usuario03581,Fulano de Jmeter 03581,075.570.162-38
usuario03582,Fulano de Jmeter 03582,974.638.973-46
usuario03601,Fulano de Jmeter 03601,558.925.854-50
usuario03602,Fulano de Jmeter 03602,636.066.490-96
usuario03621,Fulano de Jmeter 03621,504.295.561-52
usuario03622,Fulano de Jmeter 03622,154.420.907-00
usuario03641,Fulano de Jmeter 03641,971.660.981-71
usuario03642,Fulano de Jmeter 03642,448.295.633-38
usuario03661,Fulano de Jmeter 03661,053.204.736-21
usuario03662,Fulano de Jmeter 03662,111.420.194-46
usuario03681,Fulano de Jmeter 03681,290.326.272-10
usuario03682,Fulano de Jmeter 03682,715.421.320-53
usuario03701,Fulano de Jmeter 03701,203.662.844-36
usuario03702,Fulano de Jmeter 03702,948.977.639-40
usuario03721,Fulano de Jmeter 03721,560.941.209-90
usuario03722,Fulano de Jmeter 03722,439.717.752-09
usuario03741,Fulano de Jmeter 03741,211.910.443-35
usuario03742,Fulano de Jmeter 03742,729.285.560-10
usuario03761,Fulano de Jmeter 03761,512.946.296-38
usuario03762,Fulano de Jmeter 03762,979.779.169-67
usuario03781,Fulano de Jmeter 03781,986.414.430-88
usuario03782,Fulano de Jmeter 03782,968.541.020-81
usuario03801,Fulano de Jmeter 03801,974.301.710-01
usuario03802,Fulano de Jmeter 03802,885.956.642-85
usuario03821,Fulano de Jmeter 03821,503.115.327-05
usuario03822,Fulano de Jmeter 03822,300.669.461-90
usuario03841,Fulano de Jmeter 03841,631.653.590-24
usuario03842,Fulano de Jmeter 03842,226.414.215-42
usuario03861,Fulano de Jmeter 03861,404.928.314-08
usuario03862,Fulano de Jmeter 03862,287.269.550-83
usuario03881,Fulano de Jmeter 03881,241.619.812-28
usuario03882,Fulano de Jmeter 03882,301.293.288-71
usuario03901,Fulano de Jmeter 03901,089.886.832-77
usuario03902,Fulano de Jmeter 03902,756.643.417-93
usuario03921,Fulano de Jmeter 03921,583.470.328-31
usuario03922,Fulano de Jmeter 03922,656.811.108-26
usuario03941,Fulano de Jmeter 03941,457.559.661-25
usuario03942,Fulano de Jmeter 03942,108.941.423-48
usuario03961,Fulano de Jmeter 03961,972.857.977-23
usuario03962,Fulano de Jmeter 03962,191.639.797-21
usuario03981,Fulano de Jmeter 03981,800.316.885-60
usuario03982,Fulano de Jmeter 03982,027.925.402-49
usuario04001,Fulano de Jmeter 04001,209.842.067-60
usuario04002,Fulano de Jmeter 04002,808.514.794-72
usuario04021,Fulano de Jmeter 04021,990.931.046-59
usuario04022,Fulano de Jmeter 04022,352.963.518-94
usuario04041,Fulano de Jmeter 04041,809.359.669-00
usuario04042,Fulano de Jmeter 04042,332.362.663-09
usuario04061,Fulano de Jmeter 04061,320.662.648-06
usuario04062,Fulano de Jmeter 04062,388.767.509-67
usuario04081,Fulano de Jmeter 04081,426.332.960-09
usuario04082,Fulano de Jmeter 04082,976.049.319-52
usuario04101,Fulano de Jmeter 04101,512.183.607-47
usuario04102,Fulano de Jmeter 04102,065.016.921-21
usuario04121,Fulano de Jmeter 04121,504.647.184-14
usuario04122,Fulano de Jmeter 04122,190.663.333-91
usuario04141,Fulano de Jmeter 04141,740.778.450-76
usuario04142,Fulano de Jmeter 04142,021.554.764-00
usuario04161,Fulano de Jmeter 04161,262.021.699-07
usuario04162,Fulano de Jmeter 04162,822.762.708-02
usuario04181,Fulano de Jmeter 04181,403.469.826-85
usuario04182,Fulano de Jmeter 04182,316.752.567-30
usuario04201,Fulano de Jmeter 04201,995.619.976-14
usuario04202,Fulano de Jmeter 04202,378.281.072-42
usuario04221,Fulano de Jmeter 04221,866.952.211-03
usuario04222,Fulano de Jmeter 04222,354.231.216-98
usuario04241,Fulano de Jmeter 04241,012.288.817-07
usuario04242,Fulano de Jmeter 04242,319.846.406-40
usuario04261,Fulano de Jmeter 04261,654.650.999-76
usuario04262,Fulano de Jmeter 04262,913.615.719-85
usuario04281,Fulano de Jmeter 04281,002.291.655-59
usuario04282,Fulano de Jmeter 04282,904.519.802-98
usuario04301,Fulano de Jmeter 04301,420.133.792-85
usuario04302,Fulano de Jmeter 04302,514.133.777-42
usuario04321,Fulano de Jmeter 04321,172.765.467-64
usuario04322,Fulano de Jmeter 04322,640.780.415-90
usuario04341,Fulano de Jmeter 04341,340.002.669-77
usuario04342,Fulano de Jmeter 04342,542.481.113-22
usuario04361,Fulano de Jmeter 04361,340.360.669-43
usuario04362,Fulano de Jmeter 04362,668.115.710-63
usuario04381,Fulano de Jmeter 04381,270.490.955-59
usuario04382,Fulano de Jmeter 04382,009.726.075-44
usuario04401,Fulano de Jmeter 04401,706.409.828-83
usuario04402,Fulano de Jmeter 04402,644.689.624-70
usuario04421,Fulano de Jmeter 04421,565.652.781-64
usuario04422,Fulano de Jmeter 04422,830.751.777-09
usuario04441,Fulano de Jmeter 04441,085.410.339-29
usuario04442,Fulano de Jmeter 04442,198.992.426-32
usuario04461,Fulano de Jmeter 04461,885.597.559-50
usuario04462,Fulano de Jmeter 04462,474.594.858-10
usuario04481,Fulano de Jmeter 04481,449.502.717-41
usuario04482,Fulano de Jmeter 04482,902.800.422-05
usuario04501,Fulano de Jmeter 04501,844.463.457-37
usuario04502,Fulano de Jmeter 04502,673.714.151-08
usuario04521,Fulano de Jmeter 04521,588.240.074-06
usuario04522,Fulano de Jmeter 04522,313.086.393-17
usuario04541,Fulano de Jmeter 04541,937.847.263-05
usuario04542,Fulano de Jmeter 04542,530.999.929-92
usuario04561,Fulano de Jmeter 04561,469.368.689-16
usuario04562,Fulano de Jmeter 04562,456.569.131-04
usuario04581,Fulano de Jmeter 04581,823.405.465-16
usuario04582,Fulano de Jmeter 04582,582.550.075-80
usuario04601,Fulano de Jmeter 04601,490.758.458-04
usuario04602,Fulano de Jmeter 04602,432.194.216-01
usuario04621,Fulano de Jmeter 04621,530.428.307-48
usuario04622,Fulano de Jmeter 04622,976.740.978-54
usuario04641,Fulano de Jmeter 04641,879.838.590-90
usuario04642,Fulano de Jmeter 04642,389.026.913-30
usuario04661,Fulano de Jmeter 04661,652.935.763-72
usuario04662,Fulano de Jmeter 04662,917.691.710-02
usuario04681,Fulano de Jmeter 04681,735.958.947-90
usuario04682,Fulano de Jmeter 04682,533.536.066-61
usuario04701,Fulano de Jmeter 04701,040.865.397-30
usuario04702,Fulano de Jmeter 04702,199.096.781-79
usuario04721,Fulano de Jmeter 04721,044.816.247-44
usuario04722,Fulano de Jmeter 04722,641.913.577-00
usuario04741,Fulano de Jmeter 04741,132.068.412-24
usuario04742,Fulano de Jmeter 04742,168.426.525-88
usuario04761,Fulano de Jmeter 04761,771.532.419-14
usuario04762,Fulano de Jmeter 04762,035.805.841-46
usuario04781,Fulano de Jmeter 04781,193.375.064-24
usuario04782,Fulano de Jmeter 04782,570.705.009-47
usuario04801,Fulano de Jmeter 04801,163.085.607-07
usuario04802,Fulano de Jmeter 04802,107.802.620-34
usuario04821,Fulano de Jmeter 04821,582.860.261-60
usuario04822,Fulano de Jmeter 04822,412.734.049-55
usuario04841,Fulano de Jmeter 04841,514.261.366-09
usuario04842,Fulano de Jmeter 04842,069.227.981-47
usuario04861,Fulano de Jmeter 04861,434.360.034-33
usuario04862,Fulano de Jmeter 04862,216.811.934-18
usuario04881,Fulano de Jmeter 04881,590.915.651-95
usuario04882,Fulano de Jmeter 04882,954.252.552-41
usuario04901,Fulano de Jmeter 04901,186.202.839-79
usuario04902,Fulano de Jmeter 04902,729.088.945-21
usuario04921,Fulano de Jmeter 04921,196.937.564-79
usuario04922,Fulano de Jmeter 04922,780.110.086-76
usuario04941,Fulano de Jmeter 04941,141.354.984-50
usuario04942,Fulano de Jmeter 04942,680.040.074-22
usuario04961,Fulano de Jmeter 04961,461.516.113-14
usuario04962,Fulano de Jmeter 04962,299.847.370-98
usuario04981,Fulano de Jmeter 04981,843.873.161-95
usuario04982,Fulano de Jmeter 04982,231.180.623-80
usuario05001,Fulano de Jmeter 05001,562.484.872-27
usuario05002,Fulano de Jmeter 05002,772.177.762-36
usuario05021,Fulano de Jmeter 05021,536.122.757-98
usuario05022,Fulano de Jmeter 05022,560.796.236-92
usuario05041,Fulano de Jmeter 05041,321.480.587-89
usuario05042,Fulano de Jmeter 05042,928.037.941-01
usuario05061,Fulano de Jmeter 05061,393.113.500-44
usuario05062,Fulano de Jmeter 05062,240.832.423-88
usuario05081,Fulano de Jmeter 05081,591.872.721-30
usuario05082,Fulano de Jmeter 05082,934.013.237-84
usuario05101,Fulano de Jmeter 05101,251.469.287-38
usuario05102,Fulano de Jmeter 05102,028.738.219-22
usuario05121,Fulano de Jmeter 05121,735.020.905-30
usuario05122,Fulano de Jmeter 05122,233.549.389-27
usuario05141,Fulano de Jmeter 05141,157.479.261-01
usuario05142,Fulano de Jmeter 05142,000.420.010-13
usuario05161,Fulano de Jmeter 05161,915.178.596-03
usuario05162,Fulano de Jmeter 05162,257.096.629-09
usuario05181,Fulano de Jmeter 05181,302.136.808-58
usuario05182,Fulano de Jmeter 05182,197.566.397-76
usuario05201,Fulano de Jmeter 05201,197.368.144-75
usuario05202,Fulano de Jmeter 05202,584.183.968-30
usuario05221,Fulano de Jmeter 05221,129.829.821-02
usuario05222,Fulano de Jmeter 05222,855.602.311-85
usuario05241,Fulano de Jmeter 05241,457.652.441-06
usuario05242,Fulano de Jmeter 05242,185.149.704-88
usuario05261,Fulano de Jmeter 05261,715.034.425-94
usuario05262,Fulano de Jmeter 05262,243.710.378-36
usuario05281,Fulano de Jmeter 05281,217.870.442-54
usuario05282,Fulano de Jmeter 05282,139.874.032-25
usuario05301,Fulano de Jmeter 05301,668.097.933-13
usuario05302,Fulano de Jmeter 05302,630.879.159-80
usuario05321,Fulano de Jmeter 05321,130.286.831-48
usuario05322,Fulano de Jmeter 05322,268.580.094-85
usuario05341,Fulano de Jmeter 05341,076.963.650-02
usuario05342,Fulano de Jmeter 05342,205.437.329-08
usuario05361,Fulano de Jmeter 05361,870.240.309-92
usuario05362,Fulano de Jmeter 05362,124.474.261-94
usuario05381,Fulano de Jmeter 05381,660.931.318-07
usuario05382,Fulano de Jmeter 05382,469.488.130-20
usuario05401,Fulano de Jmeter 05401,067.902.975-37
usuario05402,Fulano de Jmeter 05402,778.435.214-02
usuario05421,Fulano de Jmeter 05421,194.662.037-89
usuario05422,Fulano de Jmeter 05422,293.123.041-35
usuario05441,Fulano de Jmeter 05441,327.105.517-30
usuario05442,Fulano de Jmeter 05442,047.240.266-85
usuario05461,Fulano de Jmeter 05461,400.961.662-82
usuario05462,Fulano de Jmeter 05462,719.292.588-87
usuario05481,Fulano de Jmeter 05481,892.545.983-30
usuario05482,Fulano de Jmeter 05482,669.270.939-31
usuario05501,Fulano de Jmeter 05501,378.496.516-42
usuario05502,Fulano de Jmeter 05502,494.920.741-50
usuario05521,Fulano de Jmeter 05521,540.884.511-71
usuario05522,Fulano de Jmeter 05522,029.208.333-59
usuario05541,Fulano de Jmeter 05541,025.751.323-04
usuario05542,Fulano de Jmeter 05542,099.185.890-51
usuario05561,Fulano de Jmeter 05561,584.434.854-00
usuario05562,Fulano de Jmeter 05562,709.973.883-66
usuario05581,Fulano de Jmeter 05581,269.118.024-74
usuario05582,Fulano de Jmeter 05582,972.128.785-70
usuario05601,Fulano de Jmeter 05601,040.818.820-02
usuario05602,Fulano de Jmeter 05602,399.713.854-06
usuario05621,Fulano de Jmeter 05621,723.822.788-62
usuario05622,Fulano de Jmeter 05622,989.660.802-43
usuario05641,Fulano de Jmeter 05641,337.952.714-95
usuario05642,Fulano de Jmeter 05642,336.366.891-00
usuario05661,Fulano de Jmeter 05661,897.964.730-11
usuario05662,Fulano de Jmeter 05662,852.281.904-14
usuario05681,Fulano de Jmeter 05681,819.792.892-47
usuario05682,Fulano de Jmeter 05682,257.847.020-09
usuario05701,Fulano de Jmeter 05701,552.114.429-38
usuario05702,Fulano de Jmeter 05702,526.482.127-52
usuario05721,Fulano de Jmeter 05721,618.350.805-53
usuario05722,Fulano de Jmeter 05722,078.276.048-11
usuario05741,Fulano de Jmeter 05741,642.080.360-87
usuario05742,Fulano de Jmeter 05742,294.685.679-82
usuario05761,Fulano de Jmeter 05761,288.525.620-60
usuario05762,Fulano de Jmeter 05762,531.318.594-23
usuario05781,Fulano de Jmeter 05781,678.924.368-20
usuario05782,Fulano de Jmeter 05782,877.050.719-83
usuario05801,Fulano de Jmeter 05801,406.600.711-26
usuario05802,Fulano de Jmeter 05802,826.376.700-88
usuario05821,Fulano de Jmeter 05821,614.337.476-77
usuario05822,Fulano de Jmeter 05822,968.429.527-86
usuario05841,Fulano de Jmeter 05841,682.913.314-99
usuario05842,Fulano de Jmeter 05842,434.844.134-09
usuario05861,Fulano de Jmeter 05861,176.673.215-15
usuario05862,Fulano de Jmeter 05862,781.777.826-49
usuario05881,Fulano de Jmeter 05881,750.506.343-00
usuario05882,Fulano de Jmeter 05882,645.609.878-58
usuario05901,Fulano de Jmeter 05901,713.614.522-85
usuario05902,Fulano de Jmeter 05902,870.126.119-36
usuario05921,Fulano de Jmeter 05921,297.002.221-44
usuario05922,Fulano de Jmeter 05922,834.434.078-03
usuario05941,Fulano de Jmeter 05941,272.143.371-77
usuario05942,Fulano de Jmeter 05942,725.060.732-48
usuario05961,Fulano de Jmeter 05961,800.783.239-40
usuario05962,Fulano de Jmeter 05962,106.620.497-72
usuario05981,Fulano de Jmeter 05981,975.249.304-10
usuario05982,Fulano de Jmeter 05982,305.520.891-92
usuario06001,Fulano de Jmeter 06001,409.378.651-84
usuario06002,Fulano de Jmeter 06002,888.617.179-00
usuario06021,Fulano de Jmeter 06021,980.503.773-85
usuario06022,Fulano de Jmeter 06022,314.048.951-08
usuario06041,Fulano de Jmeter 06041,375.600.073-76
usuario06042,Fulano de Jmeter 06042,840.676.785-50
usuario06061,Fulano de Jmeter 06061,975.596.961-63
usuario06062,Fulano de Jmeter 06062,369.163.091-05
usuario06081,Fulano de Jmeter 06081,580.549.491-46
usuario06082,Fulano de Jmeter 06082,618.460.595-00
usuario06101,Fulano de Jmeter 06101,230.364.145-41
usuario06102,Fulano de Jmeter 06102,238.728.123-35
usuario06121,Fulano de Jmeter 06121,550.309.432-85
usuario06122,Fulano de Jmeter 06122,702.615.673-06
usuario06141,Fulano de Jmeter 06141,407.364.925-69
usuario06142,Fulano de Jmeter 06142,640.001.121-80
usuario06161,Fulano de Jmeter 06161,948.089.117-44
usuario06162,Fulano de Jmeter 06162,439.047.987-31
usuario06181,Fulano de Jmeter 06181,777.912.491-62
usuario06182,Fulano de Jmeter 06182,500.953.211-52
usuario06201,Fulano de Jmeter 06201,357.296.152-13
usuario06202,Fulano de Jmeter 06202,219.497.707-45
usuario06221,Fulano de Jmeter 06221,444.491.707-50
usuario06222,Fulano de Jmeter 06222,901.525.255-64
usuario06241,Fulano de Jmeter 06241,000.271.939-85
usuario06242,Fulano de Jmeter 06242,291.397.445-74
usuario06261,Fulano de Jmeter 06261,962.372.961-82
usuario06262,Fulano de Jmeter 06262,146.973.620-98
usuario06281,Fulano de Jmeter 06281,822.626.890-75
usuario06282,Fulano de Jmeter 06282,426.597.152-03
usuario06301,Fulano de Jmeter 06301,612.554.618-70
usuario06302,Fulano de Jmeter 06302,623.820.706-09
usuario06321,Fulano de Jmeter 06321,301.746.401-61
usuario06322,Fulano de Jmeter 06322,019.374.645-04
usuario06341,Fulano de Jmeter 06341,380.036.532-40
usuario06342,Fulano de Jmeter 06342,839.619.964-74
usuario06361,Fulano de Jmeter 06361,170.714.201-73
usuario06362,Fulano de Jmeter 06362,115.681.950-44
usuario06381,Fulano de Jmeter 06381,974.031.951-32
usuario06382,Fulano de Jmeter 06382,891.559.340-56
usuario06401,Fulano de Jmeter 06401,056.288.452-13
usuario06402,Fulano de Jmeter 06402,169.483.981-89
usuario06421,Fulano de Jmeter 06421,379.665.856-38
usuario06422,Fulano de Jmeter 06422,781.929.773-58
usuario06441,Fulano de Jmeter 06441,419.533.510-85
usuario06442,Fulano de Jmeter 06442,761.016.341-40
usuario06461,Fulano de Jmeter 06461,537.822.172-25
usuario06462,Fulano de Jmeter 06462,332.585.860-04
usuario06481,Fulano de Jmeter 06481,342.235.230-90
usuario06482,Fulano de Jmeter 06482,360.490.746-23
usuario06501,Fulano de Jmeter 06501,857.457.973-47
usuario06502,Fulano de Jmeter 06502,257.672.493-00
usuario06521,Fulano de Jmeter 06521,734.354.434-99
usuario06522,Fulano de Jmeter 06522,158.425.906-03
usuario06541,Fulano de Jmeter 06541,891.316.619-47
usuario06542,Fulano de Jmeter 06542,329.930.897-14
usuario06561,Fulano de Jmeter 06561,800.937.255-23
usuario06562,Fulano de Jmeter 06562,820.333.290-03
usuario06581,Fulano de Jmeter 06581,058.822.738-20
usuario06582,Fulano de Jmeter 06582,580.084.829-74
usuario06601,Fulano de Jmeter 06601,863.501.981-40
usuario06602,Fulano de Jmeter 06602,858.326.735-90
usuario06621,Fulano de Jmeter 06621,468.160.819-00
usuario06622,Fulano de Jmeter 06622,256.288.807-36
usuario06641,Fulano de Jmeter 06641,380.206.356-29
usuario06642,Fulano de Jmeter 06642,242.017.680-40
usuario06661,Fulano de Jmeter 06661,859.748.736-45
usuario06662,Fulano de Jmeter 06662,387.941.528-53
usuario06681,Fulano de Jmeter 06681,626.886.458-11
usuario06682,Fulano de Jmeter 06682,469.621.438-93
usuario06701,Fulano de Jmeter 06701,883.652.818-05
usuario06702,Fulano de Jmeter 06702,276.051.680-63
usuario06721,Fulano de Jmeter 06721,656.189.823-07
usuario06722,Fulano de Jmeter 06722,266.210.058-30
usuario06741,Fulano de Jmeter 06741,367.569.781-95
usuario06742,Fulano de Jmeter 06742,312.322.470-81
usuario06761,Fulano de Jmeter 06761,269.139.803-02
usuario06762,Fulano de Jmeter 06762,374.275.055-06
usuario06781,Fulano de Jmeter 06781,565.061.966-29
usuario06782,Fulano de Jmeter 06782,509.728.916-17
usuario06801,Fulano de Jmeter 06801,842.491.668-99
usuario06802,Fulano de Jmeter 06802,065.186.658-82
usuario06821,Fulano de Jmeter 06821,027.415.417-01
usuario06822,Fulano de Jmeter 06822,062.652.749-02
usuario06841,Fulano de Jmeter 06841,948.714.795-01
usuario06842,Fulano de Jmeter 06842,985.821.561-46
usuario06861,Fulano de Jmeter 06861,240.901.028-80
usuario06862,Fulano de Jmeter 06862,521.427.354-10
usuario06881,Fulano de Jmeter 06881,289.831.866-31
usuario06882,Fulano de Jmeter 06882,646.232.024-96
usuario06901,Fulano de Jmeter 06901,827.769.390-78
usuario06902,Fulano de Jmeter 06902,613.691.122-11
usuario06921,Fulano de Jmeter 06921,221.739.319-70
usuario06922,Fulano de Jmeter 06922,002.091.926-31
usuario06941,Fulano de Jmeter 06941,069.180.730-28
usuario06942,Fulano de Jmeter 06942,209.870.410-02
usuario06961,Fulano de Jmeter 06961,468.605.805-85
usuario06962,Fulano de Jmeter 06962,009.635.959-54
usuario06981,Fulano de Jmeter 06981,760.574.610-53
usuario06982,Fulano de Jmeter 06982,162.196.794-82
usuario07001,Fulano de Jmeter 07001,570.088.632-41
usuario07002,Fulano de Jmeter 07002,328.953.424-31
usuario07021,Fulano de Jmeter 07021,181.150.165-60
usuario07022,Fulano de Jmeter 07022,745.912.435-40
usuario07041,Fulano de Jmeter 07041,279.048.675-16
usuario07042,Fulano de Jmeter 07042,733.225.073-00
usuario07061,Fulano de Jmeter 07061,151.679.684-53
usuario07062,Fulano de Jmeter 07062,405.553.764-60
usuario07081,Fulano de Jmeter 07081,398.033.378-74
usuario07082,Fulano de Jmeter 07082,080.268.430-02
usuario07101,Fulano de Jmeter 07101,708.828.729-31
usuario07102,Fulano de Jmeter 07102,469.149.334-48
usuario07121,Fulano de Jmeter 07121,972.371.035-80
usuario07122,Fulano de Jmeter 07122,506.305.934-18
usuario07141,Fulano de Jmeter 07141,879.182.320-03
usuario07142,Fulano de Jmeter 07142,478.048.516-93
usuario07161,Fulano de Jmeter 07161,358.934.627-26
usuario07162,Fulano de Jmeter 07162,575.523.769-70
usuario07181,Fulano de Jmeter 07181,797.378.672-46
usuario07182,Fulano de Jmeter 07182,334.064.897-29
usuario07201,Fulano de Jmeter 07201,353.313.298-61
usuario07202,Fulano de Jmeter 07202,986.273.553-80
usuario07221,Fulano de Jmeter 07221,195.503.384-60
usuario07222,Fulano de Jmeter 07222,792.063.228-50
usuario07241,Fulano de Jmeter 07241,955.644.196-42
usuario07242,Fulano de Jmeter 07242,978.149.184-13
usuario07261,Fulano de Jmeter 07261,051.067.775-42
usuario07262,Fulano de Jmeter 07262,746.675.595-00
usuario07281,Fulano de Jmeter 07281,964.794.377-64
usuario07282,Fulano de Jmeter 07282,021.326.822-16
usuario07301,Fulano de Jmeter 07301,001.656.782-08
usuario07302,Fulano de Jmeter 07302,816.371.417-42
usuario07321,Fulano de Jmeter 07321,354.218.317-28
usuario07322,Fulano de Jmeter 07322,085.716.331-00
usuario07341,Fulano de Jmeter 07341,147.760.384-04
usuario07342,Fulano de Jmeter 07342,290.683.364-95
usuario07361,Fulano de Jmeter 07361,742.628.424-79
usuario07362,Fulano de Jmeter 07362,018.307.140-90
usuario07381,Fulano de Jmeter 07381,685.310.471-45
usuario07382,Fulano de Jmeter 07382,703.801.285-19
usuario07401,Fulano de Jmeter 07401,941.825.471-95
usuario07402,Fulano de Jmeter 07402,237.490.123-85
usuario07421,Fulano de Jmeter 07421,195.071.328-80
usuario07422,Fulano de Jmeter 07422,907.819.075-27
usuario07441,Fulano de Jmeter 07441,495.091.622-05
usuario07442,Fulano de Jmeter 07442,542.607.625-16
usuario07461,Fulano de Jmeter 07461,716.818.953-07
usuario07462,Fulano de Jmeter 07462,616.249.560-41
usuario07481,Fulano de Jmeter 07481,673.058.157-30
usuario07482,Fulano de Jmeter 07482,465.540.787-54
usuario07501,Fulano de Jmeter 07501,189.474.374-17
usuario07502,Fulano de Jmeter 07502,721.996.054-93
usuario07521,Fulano de Jmeter 07521,953.728.904-44
usuario07522,Fulano de Jmeter 07522,113.235.787-06
usuario07541,Fulano de Jmeter 07541,597.744.197-58
usuario07542,Fulano de Jmeter 07542,959.000.619-14
usuario07561,Fulano de Jmeter 07561,534.577.626-19
usuario07562,Fulano de Jmeter 07562,446.720.862-32
usuario07581,Fulano de Jmeter 07581,096.132.945-97
usuario07582,Fulano de Jmeter 07582,298.123.463-33
usuario07601,Fulano de Jmeter 07601,973.523.259-64
usuario07602,Fulano de Jmeter 07602,247.995.345-99
usuario07621,Fulano de Jmeter 07621,773.707.264-01
usuario07622,Fulano de Jmeter 07622,326.204.481-40
usuario07641,Fulano de Jmeter 07641,099.969.060-43
usuario07642,Fulano de Jmeter 07642,834.946.244-29
usuario07661,Fulano de Jmeter 07661,828.600.137-09
usuario07662,Fulano de Jmeter 07662,089.300.706-47
usuario07681,Fulano de Jmeter 07681,321.380.918-72
usuario07682,Fulano de Jmeter 07682,138.855.706-10
usuario07701,Fulano de Jmeter 07701,160.680.592-43
usuario07702,Fulano de Jmeter 07702,357.695.420-12
usuario07721,Fulano de Jmeter 07721,910.529.219-06
usuario07722,Fulano de Jmeter 07722,992.539.119-99
usuario07741,Fulano de Jmeter 07741,653.059.107-90
usuario07742,Fulano de Jmeter 07742,321.104.313-69
usuario07761,Fulano de Jmeter 07761,812.170.516-94
usuario07762,Fulano de Jmeter 07762,415.139.519-98
usuario07781,Fulano de Jmeter 07781,294.806.074-50
usuario07782,Fulano de Jmeter 07782,983.257.634-26
usuario07801,Fulano de Jmeter 07801,476.379.650-07
usuario07802,Fulano de Jmeter 07802,907.592.283-37
usuario07821,Fulano de Jmeter 07821,286.948.089-00
usuario07822,Fulano de Jmeter 07822,991.749.183-03
usuario07841,Fulano de Jmeter 07841,779.707.050-49
usuario07842,Fulano de Jmeter 07842,065.261.278-43
usuario07861,Fulano de Jmeter 07861,830.757.296-71
usuario07862,Fulano de Jmeter 07862,987.103.606-03
usuario07881,Fulano de Jmeter 07881,178.568.157-52
usuario07882,Fulano de Jmeter 07882,505.868.439-06
usuario07901,Fulano de Jmeter 07901,572.091.278-95
usuario07902,Fulano de Jmeter 07902,424.392.482-15
usuario07921,Fulano de Jmeter 07921,778.858.096-17
usuario07922,Fulano de Jmeter 07922,575.945.567-20
usuario07941,Fulano de Jmeter 07941,738.897.348-63
usuario07942,Fulano de Jmeter 07942,529.056.986-32
usuario07961,Fulano de Jmeter 07961,089.003.174-66
usuario07962,Fulano de Jmeter 07962,037.299.338-92
usuario07981,Fulano de Jmeter 07981,188.296.278-87
usuario07982,Fulano de Jmeter 07982,111.183.599-33
usuario08001,Fulano de Jmeter 08001,249.012.125-16
usuario08002,Fulano de Jmeter 08002,720.823.112-52
usuario08021,Fulano de Jmeter 08021,616.485.824-00
usuario08022,Fulano de Jmeter 08022,188.570.823-85
usuario08041,Fulano de Jmeter 08041,000.836.758-25
usuario08042,Fulano de Jmeter 08042,665.094.619-27
usuario08061,Fulano de Jmeter 08061,249.937.563-99
usuario08062,Fulano de Jmeter 08062,745.064.072-45
usuario08081,Fulano de Jmeter 08081,189.750.595-70
usuario08082,Fulano de Jmeter 08082,813.461.254-73
usuario08101,Fulano de Jmeter 08101,232.159.593-05
usuario08102,Fulano de Jmeter 08102,422.883.642-97
usuario08121,Fulano de Jmeter 08121,945.330.506-54
usuario08122,Fulano de Jmeter 08122,144.496.672-39
usuario08141,Fulano de Jmeter 08141,035.426.780-90
usuario08142,Fulano de Jmeter 08142,440.646.306-29
usuario08161,Fulano de Jmeter 08161,636.416.616-41
usuario08162,Fulano de Jmeter 08162,542.597.422-13
usuario08181,Fulano de Jmeter 08181,298.631.334-50
usuario08182,Fulano de Jmeter 08182,613.575.368-10
usuario08201,Fulano de Jmeter 08201,367.383.452-59
usuario08202,Fulano de Jmeter 08202,333.199.947-43
usuario08221,Fulano de Jmeter 08221,348.451.217-27
usuario08222,Fulano de Jmeter 08222,711.116.619-10
usuario08241,Fulano de Jmeter 08241,257.881.636-09
usuario08242,Fulano de Jmeter 08242,577.407.513-32
usuario08261,Fulano de Jmeter 08261,303.363.654-38
usuario08262,Fulano de Jmeter 08262,206.636.523-83
usuario08281,Fulano de Jmeter 08281,387.683.684-02
usuario08282,Fulano de Jmeter 08282,588.574.467-00
usuario08301,Fulano de Jmeter 08301,767.088.247-60
usuario08302,Fulano de Jmeter 08302,473.087.120-01
usuario08321,Fulano de Jmeter 08321,720.378.155-06
usuario08322,Fulano de Jmeter 08322,479.386.099-00
usuario08341,Fulano de Jmeter 08341,316.342.853-36
usuario08342,Fulano de Jmeter 08342,662.594.553-64
usuario08361,Fulano de Jmeter 08361,238.689.965-91
usuario08362,Fulano de Jmeter 08362,238.416.687-55
usuario08381,Fulano de Jmeter 08381,366.690.003-83
usuario08382,Fulano de Jmeter 08382,724.191.204-77
usuario08401,Fulano de Jmeter 08401,429.922.027-70
usuario08402,Fulano de Jmeter 08402,689.587.413-50
usuario08421,Fulano de Jmeter 08421,878.056.274-44
usuario08422,Fulano de Jmeter 08422,562.060.386-53
usuario08441,Fulano de Jmeter 08441,122.663.820-12
usuario08442,Fulano de Jmeter 08442,953.486.352-19
usuario08461,Fulano de Jmeter 08461,776.001.870-35
usuario08462,Fulano de Jmeter 08462,712.295.656-39
usuario08481,Fulano de Jmeter 08481,001.730.951-43
usuario08482,Fulano de Jmeter 08482,781.331.584-78
usuario08501,Fulano de Jmeter 08501,359.375.651-00
usuario08502,Fulano de Jmeter 08502,227.568.747-52
usuario08521,Fulano de Jmeter 08521,893.636.527-42
usuario08522,Fulano de Jmeter 08522,820.144.631-31
usuario08541,Fulano de Jmeter 08541,889.219.245-07
usuario08542,Fulano de Jmeter 08542,783.864.948-08
usuario08561,Fulano de Jmeter 08561,409.686.197-97
usuario08562,Fulano de Jmeter 08562,612.462.202-53
usuario08581,Fulano de Jmeter 08581,557.564.312-33
usuario08582,Fulano de Jmeter 08582,631.233.764-27
usuario08601,Fulano de Jmeter 08601,358.451.712-53
usuario08602,Fulano de Jmeter 08602,201.692.570-10
usuario08621,Fulano de Jmeter 08621,324.721.682-09
usuario08622,Fulano de Jmeter 08622,320.849.678-80
usuario08641,Fulano de Jmeter 08641,834.075.337-13
usuario08642,Fulano de Jmeter 08642,705.387.270-04
usuario08661,Fulano de Jmeter 08661,112.318.122-57
usuario08662,Fulano de Jmeter 08662,517.201.174-97
usuario08681,Fulano de Jmeter 08681,989.537.927-70
usuario08682,Fulano de Jmeter 08682,101.534.551-44
usuario08701,Fulano de Jmeter 08701,113.580.778-78
usuario08702,Fulano de Jmeter 08702,075.748.902-85
usuario08721,Fulano de Jmeter 08721,817.235.588-26
usuario08722,Fulano de Jmeter 08722,596.469.006-82
usuario08741,Fulano de Jmeter 08741,128.066.812-19
usuario08742,Fulano de Jmeter 08742,882.833.608-09
usuario08761,Fulano de Jmeter 08761,698.372.296-59
usuario08762,Fulano de Jmeter 08762,016.485.262-09
usuario08781,Fulano de Jmeter 08781,223.828.838-47
usuario08782,Fulano de Jmeter 08782,044.385.549-85
usuario08801,Fulano de Jmeter 08801,222.515.479-16
usuario08802,Fulano de Jmeter 08802,290.656.376-56
usuario08821,Fulano de Jmeter 08821,882.535.974-87
usuario08822,Fulano de Jmeter 08822,635.562.805-31
usuario08841,Fulano de Jmeter 08841,885.254.138-10
usuario08842,Fulano de Jmeter 08842,616.810.105-50
usuario08861,Fulano de Jmeter 08861,109.057.067-81
usuario08862,Fulano de Jmeter 08862,726.869.837-28
usuario08881,Fulano de Jmeter 08881,740.247.093-80
usuario08882,Fulano de Jmeter 08882,623.207.044-50
usuario08901,Fulano de Jmeter 08901,615.969.925-30
usuario08902,Fulano de Jmeter 08902,557.954.104-03
usuario08921,Fulano de Jmeter 08921,575.421.418-99
usuario08922,Fulano de Jmeter 08922,239.320.707-47
usuario08941,Fulano de Jmeter 08941,053.163.568-61
usuario08942,Fulano de Jmeter 08942,201.823.846-91
usuario08961,Fulano de Jmeter 08961,498.611.743-20
usuario08962,Fulano de Jmeter 08962,141.398.971-39
usuario08981,Fulano de Jmeter 08981,461.095.391-98
usuario08982,Fulano de Jmeter 08982,907.753.934-44
usuario09001,Fulano de Jmeter 09001,948.790.670-32
usuario09002,Fulano de Jmeter 09002,587.913.165-37
usuario09021,Fulano de Jmeter 09021,625.594.942-72
usuario09022,Fulano de Jmeter 09022,957.589.294-17
usuario09041,Fulano de Jmeter 09041,126.146.264-57
usuario09042,Fulano de Jmeter 09042,476.305.659-09
usuario09061,Fulano de Jmeter 09061,596.023.932-97
usuario09062,Fulano de Jmeter 09062,015.638.909-68
usuario09081,Fulano de Jmeter 09081,884.197.760-41
usuario09082,Fulano de Jmeter 09082,999.208.984-90
usuario09101,Fulano de Jmeter 09101,483.793.495-12
usuario09102,Fulano de Jmeter 09102,334.864.334-15
usuario09121,Fulano de Jmeter 09121,191.675.752-93
usuario09122,Fulano de Jmeter 09122,515.413.775-24
usuario09141,Fulano de Jmeter 09141,615.044.367-17
usuario09142,Fulano de Jmeter 09142,388.863.603-55
usuario09161,Fulano de Jmeter 09161,386.206.769-62
usuario09162,Fulano de Jmeter 09162,593.113.523-57
usuario09181,Fulano de Jmeter 09181,266.223.931-09
usuario09182,Fulano de Jmeter 09182,572.271.836-02
usuario09201,Fulano de Jmeter 09201,706.128.281-90
usuario09202,Fulano de Jmeter 09202,148.337.394-02
usuario09221,Fulano de Jmeter 09221,582.477.841-81
usuario09222,Fulano de Jmeter 09222,790.164.142-82
usuario09241,Fulano de Jmeter 09241,101.413.516-83
usuario09242,Fulano de Jmeter 09242,750.985.442-38
usuario09261,Fulano de Jmeter 09261,917.513.507-89
usuario09262,Fulano de Jmeter 09262,871.091.299-18
usuario09281,Fulano de Jmeter 09281,290.745.033-65
usuario09282,Fulano de Jmeter 09282,454.142.726-54
usuario09301,Fulano de Jmeter 09301,330.081.404-91
usuario09302,Fulano de Jmeter 09302,793.741.904-00
usuario09321,Fulano de Jmeter 09321,972.038.264-30
usuario09322,Fulano de Jmeter 09322,701.968.066-66
usuario09341,Fulano de Jmeter 09341,395.578.141-01
usuario09342,Fulano de Jmeter 09342,738.570.367-45
usuario09361,Fulano de Jmeter 09361,972.345.245-68
usuario09362,Fulano de Jmeter 09362,653.146.832-70
usuario09381,Fulano de Jmeter 09381,747.770.987-37
usuario09382,Fulano de Jmeter 09382,459.253.099-36
usuario09401,Fulano de Jmeter 09401,184.225.899-07
usuario09402,Fulano de Jmeter 09402,714.789.141-49
usuario09421,Fulano de Jmeter 09421,303.038.072-61
usuario09422,Fulano de Jmeter 09422,006.432.486-92
usuario09441,Fulano de Jmeter 09441,901.791.795-43
usuario09442,Fulano de Jmeter 09442,592.717.299-78
usuario09461,Fulano de Jmeter 09461,666.291.006-62
usuario09462,Fulano de Jmeter 09462,614.948.004-62
usuario09481,Fulano de Jmeter 09481,146.566.024-00
usuario09482,Fulano de Jmeter 09482,410.550.938-18
usuario09501,Fulano de Jmeter 09501,921.770.905-04
usuario09502,Fulano de Jmeter 09502,789.223.911-11
usuario09521,Fulano de Jmeter 09521,754.591.563-19
usuario09522,Fulano de Jmeter 09522,511.175.422-97
usuario09541,Fulano de Jmeter 09541,133.841.304-05
usuario09542,Fulano de Jmeter 09542,407.060.965-25
usuario09561,Fulano de Jmeter 09561,786.644.499-45
usuario09562,Fulano de Jmeter 09562,789.115.897-56
usuario09581,Fulano de Jmeter 09581,195.260.019-74
usuario09582,Fulano de Jmeter 09582,067.602.771-71
usuario09601,Fulano de Jmeter 09601,090.932.914-16
usuario09602,Fulano de Jmeter 09602,205.865.475-76
usuario09621,Fulano de Jmeter 09621,454.535.307-07
usuario09622,Fulano de Jmeter 09622,228.048.556-78
usuario09641,Fulano de Jmeter 09641,093.649.644-46
usuario09642,Fulano de Jmeter 09642,509.214.052-60
usuario09661,Fulano de Jmeter 09661,632.579.301-35
usuario09662,Fulano de Jmeter 09662,419.322.483-07
usuario09681,Fulano de Jmeter 09681,916.304.416-19
usuario09682,Fulano de Jmeter 09682,029.493.317-42
usuario09701,Fulano de Jmeter 09701,730.416.140-06
usuario09702,Fulano de Jmeter 09702,070.382.540-22
usuario09721,Fulano de Jmeter 09721,014.731.612-07
usuario09722,Fulano de Jmeter 09722,437.798.875-17
usuario09741,Fulano de Jmeter 09741,023.582.824-64
usuario09742,Fulano de Jmeter 09742,515.517.758-83
usuario09761,Fulano de Jmeter 09761,724.212.559-61
usuario09762,Fulano de Jmeter 09762,460.958.258-90
usuario09781,Fulano de Jmeter 09781,582.633.836-92
usuario09782,Fulano de Jmeter 09782,172.221.744-86
usuario09801,Fulano de Jmeter 09801,944.719.173-82
usuario09802,Fulano de Jmeter 09802,856.636.744-89
usuario09821,Fulano de Jmeter 09821,822.754.164-04
usuario09822,Fulano de Jmeter 09822,084.182.209-37
usuario09841,Fulano de Jmeter 09841,755.406.539-47
usuario09842,Fulano de Jmeter 09842,996.791.495-52
usuario09861,Fulano de Jmeter 09861,649.664.070-01
usuario09862,Fulano de Jmeter 09862,072.670.860-71
usuario09881,Fulano de Jmeter 09881,553.141.855-80
usuario09882,Fulano de Jmeter 09882,019.229.102-52
usuario09901,Fulano de Jmeter 09901,167.709.464-83
usuario09902,Fulano de Jmeter 09902,340.036.972-19
usuario09921,Fulano de Jmeter 09921,591.614.257-96
usuario09922,Fulano de Jmeter 09922,173.444.789-35
usuario09941,Fulano de Jmeter 09941,310.917.917-24
usuario09942,Fulano de Jmeter 09942,180.241.941-12
usuario09961,Fulano de Jmeter 09961,712.254.640-30
usuario09962,Fulano de Jmeter 09962,688.082.000-00
usuario09981,Fulano de Jmeter 09981,825.666.033-32
usuario09982,Fulano de Jmeter 09982,838.003.145-84
